R1 Temperature,R1 Flow,R1 H2/CH4,R2 Temperature,R2 Flow,R2 H2/CH4,Conversion (%),C2 sel.,Aromatics sel.,Aromatics sel. + Coke sel.,Coke sel.,Acetylene/(Ethane+Ethylene) ratio,C2 Yield,Aromatics Yield,Coke yield,Hydrocarbon yield,Total score (b)-1,Total score (b)-2,Total score (b)-3,Total score (b)-4,Total score (b)-5,Total score (b)-6
0.1495,-0.2,0.818181818,-0.84,-0.75,-0.6,3.575125152,89.92801256,8.132352245,8.132352245,0,0.4018239,3.215038996,0.290741771,0,3.505780766,0,0,0,0,0,0
0.1495,-0.2,0.818181818,-0.76,-0.75,-0.6,5.007710147,88.45431385,9.4505247,9.4505247,0,0.433389095,4.42953565,0.473254884,0,4.902790534,0,0,0,0,0,0
0.4505,0.6,0.818181818,-0.52,-0.416666667,-0.6,5.552542569,84.88802266,7.571933571,7.571933571,0,0.099803539,4.713443594,0.420434835,0,5.133878429,0,0,0,0,0,0
0.4505,0.6,0.818181818,-0.04,0.583333333,0.6,5.535636358,95.49140265,2.952681237,2.952681237,0,0.752432411,5.286056804,0.163449696,0,5.4495065,0,0,0,0,0,0
-0.599,-0.6,-1,-0.2,-0.25,0.6,6.045346177,72.48172393,21.38916423,26.23051352,4.841349287,0.49017569,4.381771127,1.293049022,0.292676324,5.674820149,0,0,0,0,0,0
-0.3505,-0.2,-1,-0.2,0.583333333,0.6,5.823359119,59.84433815,39.7054628,39.7054628,0,0.744956534,3.484950723,2.312191689,0,5.797142412,0,0,0,0,0,0
0.1495,-0.2,0.818181818,-0.68,-0.75,-0.6,6.241569047,86.21965204,11.50973934,11.50973934,0,0.481573347,5.381459114,0.718388328,0,6.099847442,0,0,0,0,0,0
-0.599,-0.6,-1,-0.12,-0.25,0.6,6.832477176,71.38413945,18.98498781,27.21443687,8.229449065,0.525312162,4.877305035,1.297144959,0.562275229,6.174449994,0,0,0,0,0,0
0.4505,0.6,0.818181818,0.04,0.583333333,0.6,6.292831673,94.87403868,3.263551623,3.263551623,0,0.826785071,5.970263556,0.20536981,0,6.175633366,0,0,0,0,0,0
0.4505,0.6,0.818181818,-0.44,-0.416666667,-0.6,6.945969705,82.16113648,10.33339016,10.33339016,0,0.166779745,5.706887649,0.71775415,0,6.424641799,0,0,0,0,0,0
-0.3505,-0.2,-1,-0.12,0.583333333,0.6,6.495903472,68.09349435,30.9591815,30.9591815,0,0.777009364,4.423287664,2.011078546,0,6.43436621,0,0,0,0,0,0
0.1495,-0.2,0.818181818,-0.2,-0.25,0.6,6.558814226,92.97982679,5.215951265,5.215951265,0,0.524875639,6.098374107,0.342104554,0,6.44047866,0,0,0,0,0,0
-0.599,-0.6,-1,-0.2,-0.416666667,0.2,6.802222518,75.46567755,20.23030616,22.57396427,2.343658114,0.436101293,5.133343312,1.376110441,0.15942084,6.509453752,0,0,0,0,0,0
-0.3505,-0.2,-1,-0.2,0.25,0.2,6.865870225,69.38790062,25.52805734,29.42358526,3.895527923,0.635176338,4.764083208,1.752723288,0.267461892,6.516806496,0,0,0,0,0,0
0.4505,0.6,0.818181818,-0.2,0.25,0.2,6.8638466,93.60220267,4.582243043,4.582243043,0,0.702292444,6.424711605,0.314518133,0,6.739229739,0,0,0,0,0,0
-0.3505,-0.2,-1,-0.04,0.583333333,0.6,7.230433105,67.91868431,27.98396979,31.03584049,3.051870696,0.853384618,4.910815035,2.023362216,0.220663469,6.934177251,0,0,0,0,0,0
-0.599,-0.6,-1,-0.04,-0.25,0.6,7.20030858,78.09311632,18.38091864,20.60867132,2.227752681,0.587366119,5.622945355,1.323482862,0.160405067,6.946428217,0,0,0,0,0,0
0.1495,-0.2,0.818181818,-0.12,-0.25,0.6,7.12371935,92.97698336,5.054299894,5.054299894,0,0.572684361,6.623419355,0.36005414,0,6.983473494,0,0,0,0,0,0
-0.3505,-0.2,-1,-0.12,0.25,0.2,7.374096043,70.85606597,23.92197991,27.78578287,3.863802964,0.690816818,5.224994357,1.764029774,0.284920541,6.989024131,0,0,0,0,0,0
-0.599,-0.6,-1,-0.12,-0.416666667,0.2,7.894133416,72.48685322,16.65914707,25.78129121,9.122144137,0.475596591,5.722208902,1.315095296,0.720114229,7.037304198,0,0,0,0,0,0
-0.3505,-0.2,-1,-0.2,-0.083333333,-0.2,7.620380463,74.92742511,19.02258421,23.35078537,4.328201163,0.689400579,5.709754865,1.44959329,0.329825396,7.159348155,0,0,0,0,0,0
-0.3505,-0.2,-1,-0.12,-0.083333333,-0.2,7.642051628,78.3090533,17.362411,19.85245537,2.490044368,0.730760747,5.984418283,1.326844413,0.190290476,7.311262695,0,0,0,0,0,0
0.4505,0.6,0.818181818,-0.12,0.25,0.2,7.473079599,93.66051663,4.583590928,4.583590928,0,0.769327763,6.999324961,0.342535399,0,7.341860359,0,0,0,0,0,0
0.4505,0.6,0.818181818,0.12,0.583333333,0.6,7.466199583,95.07939434,3.41123951,3.41123951,0,0.904520419,7.098817344,0.25468995,0,7.353507294,0,0,0,0,0,0
0.4505,0.6,0.818181818,-0.2,-0.083333333,-0.2,7.600876931,91.50409063,6.230377104,6.230377104,0,0.751480365,6.955113316,0.473563296,0,7.428676612,0,0,0,0,0,0
-0.3505,-0.2,-1,0.04,0.583333333,0.6,7.548323676,72.61366457,26.22904236,26.22904236,0,0.88410082,5.481114435,1.979853014,0,7.460967449,0,0,0,0,0,0
-0.2,-0.2,-1,-0.2,0.25,0.2,9.310921225,56.08567019,24.55532361,43.68240126,19.12707765,0.728240296,5.22209257,2.286326838,1.780907133,7.508419408,0,0,0,0,0,0
-0.3505,-0.2,-1,-0.04,0.25,0.2,8.145393227,71.13898548,21.55454954,27.54387062,5.98932108,0.754538072,5.794550105,1.755702818,0.487853754,7.550252923,0,0,0,0,0,0
0.1495,-0.2,0.818181818,-0.2,-0.416666667,0.2,7.741369051,92.52127585,5.725533714,5.725533714,0,0.520311098,7.162413414,0.443234695,0,7.605648109,0,0,0,0,0,0
-0.599,-0.6,-1,-0.68,-0.75,-0.6,10.53352296,41.96337584,30.24358894,57.8011436,27.55755466,0.335183242,4.420221829,3.185715385,2.902781347,7.605937214,0,0,0,0,0,0
0.4505,0.6,0.818181818,-0.36,-0.416666667,-0.6,9.049893814,72.85498438,11.78862293,20.15505555,8.366432624,0.22296385,6.593298725,1.066857857,0.757153268,7.660156582,0,0,0,0,0,0
0.1495,-0.2,0.818181818,-0.04,-0.25,0.6,7.817517542,93.31581919,4.819885906,4.819885906,0,0.614967253,7.294980535,0.376795426,0,7.671775961,0,0,0,0,0,0
0.1495,-0.2,0.818181818,-0.6,-0.75,-0.6,7.958984433,83.45492685,14.1387019,14.1387019,0,0.521691193,6.642164637,1.125297083,0,7.76746172,0,0,0,0,0,0
-0.599,-0.6,-1,0.04,-0.25,0.6,7.921902185,81.47533025,16.9004848,16.9004848,0,0.631041055,6.454395967,1.338839875,0,7.793235842,0,0,0,0,0,0
-0.3505,-0.2,-1,-0.04,-0.083333333,-0.2,8.06537663,82.76761409,14.60305666,15.21122911,0.608172453,0.796311994,6.675519804,1.177791519,0.049051399,7.853311323,0,0,0,0,0,0
-0.599,-0.6,-1,-0.76,-0.75,-0.6,10.85806073,42.33488807,30.17559187,57.33994246,27.16435059,0.361434932,4.596747857,3.276484091,2.949521684,7.873231947,0,0,0,0,0,0
0.4505,0.6,0.818181818,-0.04,0.25,0.2,8.018275955,93.70310494,4.521912504,4.521912504,0,0.822135501,7.513373532,0.362579423,0,7.875952956,0,0,0,0,0,0
-0.599,-0.6,-1,-0.04,-0.416666667,0.2,8.43536735,78.26037219,15.54022079,19.92064468,4.380423892,0.526869305,6.601549884,1.31087471,0.369504847,7.912424594,0,0,0,0,0,0
-0.3505,-0.2,-1,0.12,0.583333333,0.6,8.374955409,72.26096868,23.49834209,26.84571046,3.347368367,0.964977211,6.051823905,1.967975672,0.280340608,8.019799577,0,0,0,0,0,0
0.1495,-0.2,0.818181818,-0.12,-0.416666667,0.2,8.177894227,92.69173764,5.653205981,5.653205981,0,0.559187915,7.580232261,0.462313206,0,8.042545467,0,0,0,0,0,0
-0.599,-0.6,-1,-0.84,-0.75,-0.6,10.76758579,45.25654231,29.79156192,54.40248517,24.61092325,0.38996274,4.873037019,3.207831988,2.650002275,8.080869007,0,0,0,0,0,0
-0.3505,-0.2,-1,0.04,0.25,0.2,8.526550753,76.36300999,20.81867634,22.10888144,1.290205096,0.819087983,6.511130803,1.775115005,0.110009992,8.286245808,0,0,0,0,0,0
0.4505,0.6,0.818181818,0.2,0.583333333,0.6,8.456604911,94.79568205,3.443364547,3.443364547,0,0.982411234,8.016496304,0.291191735,0,8.307688039,0,0,0,0,0,0
0.4505,0.6,0.818181818,0.04,0.25,0.2,8.592770408,93.61082529,4.555772074,4.555772074,0,0.887528386,8.043763294,0.391467035,0,8.435230329,0,0,0,0,0,0
-0.599,-0.6,-1,-0.84,-0.583333333,-0.2,11.29256846,46.50095815,28.31885216,53.1041002,24.78524804,0.419583008,5.251152534,3.197925767,2.798891103,8.449078301,0,0,0,0,0,0
0.4505,0.6,0.818181818,-0.12,-0.083333333,-0.2,8.640863015,91.56349606,6.266019045,6.266019045,0,0.800247391,7.911876266,0.541438122,0,8.453314388,0,0,0,0,0,0
0.4,-0.2,0.818181818,-0.76,-0.583333333,-0.2,8.605380544,80.8012082,18.1262884,18.1262884,0,0.374331164,6.95325145,1.559836095,0,8.513087545,0,0,0,0,0,0
0.1495,-0.2,0.818181818,0.04,-0.25,0.6,8.749795599,93.61990124,4.62498399,4.62498399,0,0.671583743,8.191549998,0.404676646,0,8.596226644,0,0,0,0,0,0
-0.3505,-0.2,-1,0.04,-0.083333333,-0.2,8.847434834,85.33638809,12.17031164,12.52918029,0.358868646,0.855971954,7.550081326,1.076760392,0.03175067,8.626841718,0,0,0,0,0,0
-0.3505,-0.2,-1,0.2,0.583333333,0.6,8.854559978,76.34525859,22.2874875,22.2874875,0,1.021814034,6.760036712,1.973458948,0,8.73349566,0,0,0,0,0,0
-0.599,-0.6,-1,0.12,-0.25,0.6,9.617875988,77.36309346,13.70819894,21.3577196,7.649520657,0.682313746,7.440686389,1.318437575,0.73572141,8.759123964,0,0,0,0,0,0
0.4,-0.2,0.818181818,-0.68,-0.583333333,-0.2,8.975239741,80.12088395,18.66412378,18.66412378,0,0.416863708,7.191041417,1.675149855,0,8.866191272,0,0,0,0,0,0
-0.2,-0.2,-1,-0.84,-0.416666667,-0.6,10.31637206,49.94673085,36.57574529,50.05326915,13.47752386,0.401049171,5.152690586,3.773289968,1.390391506,8.925980554,0,0,0,0,0,0
-0.599,-0.6,-1,-0.76,-0.583333333,-0.2,11.78059588,48.73558534,27.32285403,50.80414223,23.4812882,0.445020062,5.741342359,3.218795016,2.76623567,8.960137375,0,0,0,0,0,0
-0.599,-0.6,-1,-0.52,-0.75,-0.6,12.61571572,43.75285624,28.01404686,55.54995271,27.53590585,0.349881114,5.519735963,3.534172514,3.473851603,9.053908476,0,0,0,0,0,0
-0.599,-0.6,-1,0.04,-0.416666667,0.2,9.599300435,80.74001408,13.92526904,17.41512163,3.489852588,0.568508489,7.750476523,1.336728412,0.335001435,9.087204935,0,0,0,0,0,0
0.701,0.6,0.818181818,-0.6,-0.083333333,-0.2,9.203064049,79.59503526,19.25970763,19.25970763,0,0.514819967,7.325182075,1.772483229,0,9.097665304,0,0,0,0,0,0
-0.5,-0.6,-1,-0.68,-0.583333333,-0.2,10.54809186,49.74239886,36.75265314,49.751094,12.99844086,0.394891933,5.246873925,3.876703614,1.371087482,9.123577539,0,0,0,0,0,0
0.4505,0.6,0.818181818,-0.28,-0.416666667,-0.6,10.47055962,72.30232705,14.89953816,20.65937442,5.759836256,0.270201196,7.57045826,1.560065027,0.603087089,9.130523287,0,0,0,0,0,0
0.1495,-0.2,0.818181818,-0.04,-0.416666667,0.2,9.313745499,92.25862389,5.889695959,5.889695959,0,0.603965412,8.59273343,0.548551292,0,9.141284722,0,0,0,0,0,0
-0.3505,-0.2,-1,0.12,0.25,0.2,9.410882881,78.83492004,18.72699683,19.55845951,0.83146268,0.872938008,7.419061994,1.762375739,0.078247979,9.181437733,0,0,0,0,0,0
-0.2,-0.2,-1,-0.76,-0.416666667,-0.6,10.85130733,49.79552712,35.68097429,50.20447289,14.5234986,0.43573525,5.403465684,3.871852179,1.575989468,9.275317863,0,0,0,0,0,0
0.1495,-0.2,0.818181818,-0.52,-0.75,-0.6,9.528620407,80.39799342,17.14022955,17.14022955,0,0.556595519,7.660819608,1.633227411,0,9.294047019,0,0,0,0,0,0
-0.5,-0.6,-1,-0.6,-0.583333333,-0.2,10.32481637,53.00661564,37.07651539,45.91617815,8.83966276,0.439276576,5.472835729,3.82808213,0.912678948,9.300917859,0,0,0,0,0,0
0.4,-0.2,0.818181818,-0.76,-0.75,-0.6,13.46538694,39.75235946,29.54133742,60.24764054,30.70630312,0.332271089,5.352809019,3.977855391,4.13472253,9.33066441,0,0,0,0,0,0
0.4505,0.6,0.818181818,0.28,0.583333333,0.6,9.760692397,92.19130292,3.417933532,5.38609979,1.968166258,1.050634967,8.998509495,0.333613978,0.192106654,9.332123473,0,0,0,0,0,0
0.4,-0.2,0.818181818,-0.6,-0.583333333,-0.2,9.464450669,79.69223476,18.9908437,18.9908437,0,0.459107576,7.542432246,1.797379034,0,9.339811279,0,0,0,0,0,0
-0.5,-0.6,-1,-0.52,-0.583333333,-0.2,10.03697912,56.86364633,36.61941936,42.50156559,5.882146232,0.472890426,5.707392309,3.675483475,0.590389789,9.382875784,0,0,0,0,0,0
0.701,0.6,0.818181818,-0.52,-0.083333333,-0.2,9.601617105,79.32296211,19.49650342,19.49650342,0,0.565817665,7.616287098,1.871979607,0,9.488266705,0,0,0,0,0,0
-0.599,-0.6,-1,-0.68,-0.583333333,-0.2,12.81643406,49.38051961,25.04313581,50.14876191,25.1056261,0.471297841,6.328821734,3.209636988,3.217646014,9.538458722,0,0,0,0,0,0
-0.3505,-0.2,-1,0.28,0.583333333,0.6,9.776382263,78.10062384,20.05464936,20.57327323,0.518623871,1.077403894,7.635415536,1.960619183,0.050702652,9.596034719,0,0,0,0,0,0
-0.599,-0.6,-1,-0.44,-0.75,-0.6,13.55142676,44.30823135,26.98172495,54.92235637,27.94063142,0.371257637,6.00439752,3.656408695,3.786354203,9.660806215,0,0,0,0,0,0
-0.2,-0.2,-1,-0.68,-0.416666667,-0.6,11.70391021,48.63865888,34.04503698,51.36134113,17.31630415,0.480834403,5.692624963,3.984600559,2.026684689,9.677225522,0,0,0,0,0,0
0.4505,0.6,0.818181818,0.12,0.25,0.2,9.900531484,92.982016,4.775124364,5.167081245,0.391956881,0.949818117,9.205713769,0.472762691,0.038805814,9.67847646,0,0,0,0,0,0
-0.3505,-0.2,-1,0.12,-0.083333333,-0.2,9.989711592,86.92038551,10.16292849,10.73726142,0.57433293,0.900221692,8.683095827,1.015247245,0.057374203,9.698343073,0,0,0,0,0,0
-0.2,-0.2,-1,-0.6,-0.416666667,-0.6,11.55878601,51.08210369,33.55810537,48.91789632,15.35979095,0.524711468,5.904471055,3.878909589,1.775405367,9.783380644,0,0,0,0,0,0
0.1495,-0.2,0.818181818,0.12,-0.25,0.6,10.32340531,90.75029512,4.437641712,7.812546229,3.374904517,0.706634557,9.368520785,0.45811574,0.348405072,9.826636525,0,0,0,0,0,0
0.4,-0.2,0.818181818,-0.68,-0.75,-0.6,14.53376348,39.80275819,28.33111054,60.19724181,31.86613127,0.36436596,5.784838734,4.117576597,4.631348149,9.902415331,0,0,0,0,0,0
0.1495,-0.2,0.818181818,-0.2,-0.583333333,-0.2,10.14684001,88.53536299,9.210724378,9.210724378,0,0.595754061,8.983541635,0.934597466,0,9.918139101,0,0,0,0,0,0
0.701,0.6,0.818181818,-0.44,-0.083333333,-0.2,10.05233511,78.79361207,19.93008023,19.93008023,0,0.617950284,7.920597931,2.003438452,0,9.924036383,0,0,0,0,0,0
0.4,-0.2,0.818181818,-0.52,-0.583333333,-0.2,10.05448071,79.55426276,19.18260072,19.18260072,0,0.491174921,7.998768003,1.928710889,0,9.927478892,0,0,0,0,0,0
-0.5,-0.6,-1,-0.44,-0.583333333,-0.2,11.03176079,56.39695,34.65521843,42.90127589,8.246057461,0.508608661,6.221576617,3.823080798,0.909685334,10.04465742,0,0,0,0,0,0
-0.2,-0.2,-1,-0.84,-0.083333333,-0.2,10.53026108,50.98162573,44.76237906,48.35710883,3.594729771,0.310354243,5.368498292,4.713595381,0.37853443,10.08209367,0,0,0,0,0,0
-0.599,-0.6,-1,0.2,-0.25,0.6,10.86293962,80.75265388,12.40992574,18.0265643,5.616638561,0.717178371,8.772112033,1.34808274,0.610132056,10.12019477,0,0,0,0,0,0
-0.599,-0.6,-1,-0.6,-0.583333333,-0.2,13.79359064,50.64433531,23.35367263,48.76382774,25.41015511,0.492273055,6.985672295,3.221310002,3.504972777,10.2069823,0,0,0,0,0,0
-0.3505,-0.2,-1,0.2,0.25,0.2,10.42014349,80.80781979,17.27485709,17.27485709,0,0.927501021,8.420290773,1.800064896,0,10.22035567,0,0,0,0,0,0
-0.2,-0.2,-1,-0.76,-0.083333333,-0.2,10.88851684,50.17804897,43.90423742,49.19428838,5.29005096,0.341682751,5.463645312,4.780520285,0.57600809,10.2441656,0,0,0,0,0,0
0.4,-0.2,0.818181818,-0.6,-0.75,-0.6,14.85401022,41.81846869,27.46427787,58.18153131,30.71725344,0.397127366,6.211719613,4.079546642,4.562743965,10.29126625,0,0,0,0,0,0
-0.599,-0.6,-1,-0.36,-0.75,-0.6,14.96246463,43.81794637,25.25399575,55.36514069,30.11114494,0.391651065,6.556244727,3.778620182,4.505369411,10.33486491,0,0,0,0,0,0
0.4505,0.6,0.818181818,-0.04,-0.083333333,-0.2,10.58508113,90.24383124,7.444560031,7.444560031,0,0.914341108,9.552382752,0.788012719,0,10.34039547,0,0,0,0,0,0
0.4505,0.6,0.818181818,0.04,-0.083333333,-0.2,10.58508113,90.24383124,7.444560031,7.444560031,0,0.914341108,9.552382752,0.788012719,0,10.34039547,0,0,0,0,0,0
0.1495,-0.2,0.818181818,0.04,-0.416666667,0.2,10.85871102,89.56032912,6.001038927,8.576666069,2.575627142,0.64455313,9.725097328,0.651635475,0.279679908,10.3767328,0,0,0,0,0,0
-0.2,-0.2,-1,-0.68,-0.083333333,-0.2,11.0872003,50.34272747,43.66725237,48.99909994,5.331847572,0.378178046,5.581599031,4.841475736,0.59115262,10.42307477,0,0,0,0,0,0
0.701,0.6,0.818181818,-0.36,-0.083333333,-0.2,10.57984108,78.45870907,20.16582793,20.16582793,0,0.671523704,8.300806733,2.133512547,0,10.43431928,0,0,0,0,0,0
-0.599,-0.6,-1,0.12,-0.416666667,0.2,11.01183884,82.37780226,12.48892372,15.78103594,3.292112217,0.610697409,9.071310825,1.375260153,0.362522092,10.44657098,0,0,0,0,0,0
-0.3505,-0.2,-1,-0.68,-0.416666667,-0.6,13.34684695,56.96391379,21.9375206,41.4590748,19.5215542,0.644046742,7.60288639,2.927967299,2.605511961,10.53085369,0,0,0,0,0,0
0.4,-0.2,0.818181818,-0.44,-0.583333333,-0.2,10.70623322,79.15792003,19.49306563,19.49306563,0,0.532776641,8.474831531,2.086973068,0,10.5618046,0,0,0,0,0,0
0.4505,0.6,0.818181818,0.36,0.583333333,0.6,10.8007023,94.48378643,3.48752194,3.669455052,0.181933112,1.124261847,10.20491249,0.376676862,0.019650054,10.58158936,0,0,0,0,0,0
-0.2,-0.2,-1,-0.6,-0.083333333,-0.2,11.76920379,48.74688574,41.25014618,50.58869057,9.338544387,0.414318773,5.737120324,4.854813768,1.09907232,10.59193409,0,0,0,0,0,0
-0.5,-0.6,-1,-0.12,-0.25,0.6,15.01662616,41.45234343,29.31316659,58.38894389,29.0757773,0.602326216,6.224743447,4.401848642,4.36620078,10.62659209,0,0,0,0,0,0
-0.3505,-0.2,-1,0.36,0.583333333,0.6,10.82634141,80.66274426,17.6320991,18.11120808,0.479108977,1.119524903,8.732824084,1.908911247,0.051869974,10.64173533,0,0,0,0,0,0
0.4505,0.6,0.818181818,0.2,0.25,0.2,10.86249554,93.22861973,4.918842203,4.918842203,0,1.007025884,10.12695466,0.534309015,0,10.66126368,0,0,0,0,0,0
-0.5,-0.6,-1,-0.36,-0.583333333,-0.2,11.59207315,59.09146008,33.05339429,40.04592635,6.992532065,0.54636953,6.849925278,3.831573644,0.810579432,10.68149892,0,0,0,0,0,0
-0.2,-0.2,-1,-0.52,-0.416666667,-0.6,12.941517,50.23036949,32.48272108,49.76963051,17.28690943,0.568063109,6.500571807,4.203756871,2.237188323,10.70432868,0,0,0,0,0,0
0.4505,0.6,0.818181818,-0.2,-0.416666667,-0.6,12.83866008,66.89628863,17.29161171,26.32770912,9.036097412,0.306005691,8.588587103,2.22001125,1.160113831,10.80859835,0,0,0,0,0,0
-0.2,-0.2,-1,-0.52,-0.083333333,-0.2,12.15074634,48.981029,40.27163473,50.32056989,10.04893516,0.446643691,5.951560589,4.893304183,1.221020621,10.84486477,0,0,0,0,0,0
-0.399,-0.6,-1,-0.852,-0.583333333,-0.2,18.57337221,28.66219424,30.10350417,71.12964884,41.02614467,0.327930387,5.32353602,5.591235878,7.619938553,10.9147719,0,0,0,0,0,0
-0.2,-0.2,-1,-0.12,0.25,0.2,13.48222262,50.49868441,30.79058648,48.97406873,18.18348225,0.820144239,6.808345052,4.151255415,2.451537557,10.95960047,0,0,0,0,0,0
-0.399,-0.6,-1,-0.7688,-0.583333333,-0.2,19.32940942,27.66536446,29.24597007,72.09815214,42.85218207,0.365865298,5.347551564,5.653073294,8.283073718,11.00062486,0,0,0,0,0,0
0.4,-0.2,0.818181818,-0.84,-0.75,-0.6,11.19297712,69.11814587,29.16789297,29.16789297,0,0.37054095,7.736378253,3.264755587,0,11.00113384,0,0,0,0,0,0
0.701,0.6,0.818181818,-0.2,0.583333333,0.6,11.08861397,80.74324307,18.55304855,18.55304855,0,0.745637413,8.953306531,2.057275933,0,11.01058246,0,0,0,0,0,0
0.1495,-0.2,0.818181818,-0.44,-0.75,-0.6,12.07378822,72.34198677,19.21782365,25.32156758,6.103743926,0.592975758,8.734418277,2.320319328,0.736953115,11.05473761,0,0,0,0,0,0
-0.3505,-0.2,-1,0.2,-0.083333333,-0.2,11.58612765,86.96677051,9.108693455,10.61263279,1.503939335,0.958111293,10.07608104,1.055344851,0.174248331,11.1314259,0,0,0,0,0,0
-0.5,-0.6,-1,-0.04,-0.25,0.6,15.21934804,44.61765281,28.52717204,55.12499512,26.59782308,0.642694863,6.790515868,4.341649599,4.048015266,11.13216547,0,0,0,0,0,0
-0.599,-0.6,-1,-0.52,-0.583333333,-0.2,14.95396797,52.7350292,21.848341,46.60266237,24.75432137,0.512410818,7.885979376,3.267193915,3.701753289,11.15317329,0,0,0,0,0,0
-0.2,-0.2,-1,-0.44,-0.083333333,-0.2,12.16938081,51.58809032,40.14310972,47.58970282,7.446593097,0.477989105,6.277951164,4.885167891,0.906204271,11.16311905,0,0,0,0,0,0
0.701,0.6,0.818181818,-0.28,-0.083333333,-0.2,11.34435195,78.09041771,20.4575078,20.4575078,0,0.72188836,8.858851824,2.320771685,0,11.17962351,0,0,0,0,0,0
0.1495,-0.2,0.818181818,0.2,-0.25,0.6,11.63018243,91.72354607,4.54872877,6.505601699,1.956872929,0.747754472,10.66761574,0.529025454,0.227587892,11.19664119,0,0,0,0,0,0
0.4,-0.2,0.818181818,-0.52,-0.75,-0.6,15.95182526,43.31193827,27.15872547,56.68806172,29.52933625,0.425118844,6.90904471,4.33231243,4.710468119,11.24135714,0,0,0,0,0,0
-0.599,-0.6,-1,-0.28,-0.75,-0.6,15.8821131,45.64588751,25.25198194,53.44865192,28.19666998,0.404304327,7.24953148,4.010548332,4.478227017,11.26007981,0,0,0,0,0,0
-0.399,-0.6,-1,-0.68,-0.583333333,-0.2,19.12859282,29.1626221,29.92461873,70.56895803,40.6443393,0.400164616,5.578399237,5.72415847,7.774690169,11.30255771,0,0,0,0,0,0
-0.399,-0.6,-1,-0.8496,-0.75,-0.6,19.34648636,30.28370322,28.34421646,69.2601248,40.91590834,0.377534034,5.858832513,5.483609971,7.915790626,11.34244248,0,0,0,0,0,0
-0.2,-0.2,-1,-0.44,-0.416666667,-0.6,14.07793589,50.06677946,31.2148137,49.93322054,18.71840684,0.609125584,7.048369115,4.394401461,2.635165315,11.44277058,0,0,0,0,0,0
-0.5,-0.6,-1,-0.28,-0.583333333,-0.2,12.44482858,60.94281345,31.27135385,38.16489122,6.893537368,0.584380687,7.584228666,3.891666382,0.857888909,11.47589505,0,0,0,0,0,0
-0.2,-0.2,-1,-0.04,0.25,0.2,13.97863446,52.30736319,29.80273655,47.10335548,17.30061893,0.888852811,7.311855096,4.166015601,2.41839028,11.4778707,0,0,0,0,0,0
-0.399,-0.6,-1,-0.7576,-0.75,-0.6,20.11726543,29.99700906,27.29547736,69.52312491,42.22764755,0.403093434,6.034577934,5.491103631,8.495047942,11.52568156,0.010369065,0.007850176,0.006315896,0.004540901,0.003360406,0.002667054
-0.2,-0.2,-1,-0.36,-0.083333333,-0.2,12.52363102,53.10160159,38.98016794,45.99562085,7.015452913,0.502085802,6.650248649,4.881732403,0.878589437,11.53198105,0,0,0,0,0,0
0.701,0.6,0.818181818,-0.12,0.583333333,0.6,11.64687686,80.97295988,18.29453279,18.29453279,0,0.804435614,9.430820927,2.130741706,0,11.56156263,0,0,0,0,0,0
-0.399,-0.6,-1,-0.5992,-0.583333333,-0.2,19.36352575,29.61952896,30.09626525,70.09755131,40.00128606,0.42912268,5.735385117,5.827698071,7.745659327,11.56308319,0,0,0,0,0,0
0.4,-0.2,0.818181818,-0.36,-0.583333333,-0.2,11.75740354,78.87963967,19.72187828,19.72187828,0,0.568234545,9.274197547,2.318780815,0,11.59297836,0,0,0,0,0,0
-0.5,-0.6,-1,-0.12,-0.416666667,0.2,16.04440087,45.12493645,27.18938931,54.48392268,27.29453337,0.561596475,7.240025696,4.362374615,4.379244349,11.60240031,0,0,0,0,0,0
-0.3505,-0.2,-1,0.28,0.25,0.2,11.93387274,82.15608845,15.20789239,15.95731417,0.749421782,0.979970936,9.804403044,1.814890524,0.089435042,11.61929357,0,0,0,0,0,0
-0.2,-0.2,-1,-0.12,0.583333333,0.6,12.24116701,51.2477176,43.68672585,48.49668308,4.80995723,0.775270718,6.2733187,5.347765072,0.588794898,11.62108377,0,0,0,0,0,0
0.1495,-0.2,0.818181818,-0.12,-0.583333333,-0.2,12.39732151,83.77297966,10.00694768,14.00797878,4.0010311,0.633895875,10.38560563,1.240593477,0.496020689,11.6261991,0,0,0,0,0,0
-0.3505,-0.2,-1,-0.6,-0.416666667,-0.6,15.14877751,55.91732219,20.99833632,42.37746143,21.37912511,0.674496534,8.470790728,3.18099125,3.238676096,11.65178198,0,0,0,0,0,0
-0.599,-0.6,-1,0.28,-0.25,0.6,12.38534269,83.39543419,11.21799698,15.00132959,3.783332609,0.743855824,10.32881031,1.389387369,0.468578709,11.71819768,0,0,0,0,0,0
-0.399,-0.6,-1,-0.3464,-0.416666667,0.2,16.06653415,38.17530324,34.88927096,61.82469676,26.9354258,0.482513447,6.133448132,5.605496633,4.327589385,11.73894477,0,0,0,0,0,0
0.4,-0.2,0.818181818,-0.2,-0.25,0.6,11.984457,73.74854432,24.49965587,25.75492718,1.255271311,0.522356499,8.838362582,2.936150723,0.150437451,11.7745133,0,0,0,0,0,0
-0.399,-0.6,-1,-0.3512,-0.25,0.6,15.84926084,35.40439011,38.96426655,64.59560989,25.63134334,0.488368936,5.611334137,6.17554824,4.062378463,11.78688238,0,0,0,0,0,0
0.1495,-0.2,0.818181818,0.12,-0.416666667,0.2,12.68517654,86.78331912,6.297293688,11.24305295,4.945759262,0.681379395,11.00861724,0.798822822,0.627378294,11.80744006,0,0,0,0,0,0
-0.5,-0.6,-1,0.04,-0.25,0.6,16.01995028,47.15415677,26.63264045,52.55611084,25.92347039,0.66718981,7.55407247,4.266535758,4.152927067,11.82060823,0,0,0,0,0,0
-0.399,-0.6,-1,-0.52,-0.583333333,-0.2,19.80288962,30.37998161,29.38799533,69.31139326,39.92339793,0.467278364,6.016114225,5.819672277,7.905986425,11.8357865,0,0,0,0,0,0
0.701,0.6,0.818181818,-0.2,-0.083333333,-0.2,12.04806504,78.12506846,20.37900299,20.37900299,0,0.768500234,9.412559061,2.455275535,0,11.8678346,0,0,0,0,0,0
-0.3505,-0.2,-1,0.44,0.583333333,0.6,12.37269806,80.60361481,15.36172773,18.1258154,2.764087675,1.17468402,9.972841886,1.900660188,0.341992222,11.87350207,0,0,0,0,0,0
-0.2,-0.2,-1,-0.28,-0.083333333,-0.2,13.60923522,51.64299958,35.64398813,47.53486029,11.89087216,0.531159828,7.028217288,4.850874186,1.618256762,11.87909147,0,0,0,0,0,0
0.701,0.6,0.818181818,-0.04,0.583333333,0.6,12.01306846,81.25641056,17.96997698,17.96997698,0,0.854760094,9.761388229,2.158745637,0,11.92013387,0,0,0,0,0,0
-0.399,-0.6,-1,-0.6672,-0.75,-0.6,20.92589475,30.47084087,26.58869586,69.01684656,42.4281507,0.433564776,6.37629609,5.563922511,8.87847016,11.9402186,0.080366944,0.061042021,0.049209237,0.035461182,0.026282642,0.020878569
-0.2,-0.2,-1,0.04,0.25,0.2,14.13774875,55.5544771,29.07062036,43.78135724,14.71073688,0.944904793,7.854152392,4.109931267,2.079767019,11.96408366,0,0,0,0,0,0
0.4505,0.6,0.818181818,0.44,0.583333333,0.6,12.24182994,94.67861704,3.587323137,3.587323137,0,1.175125129,11.59039529,0.439153998,0,12.02954929,0,0,0,0,0,0
0.4,-0.2,0.818181818,-0.44,-0.75,-0.6,17.9753583,41.96065466,25.07213286,58.03934535,32.96721249,0.454598637,7.54257802,4.506805715,5.925974567,12.04938374,0,0,0,0,0,0
-0.399,-0.6,-1,-0.2712,-0.25,0.6,16.375037,36.4128707,37.17591799,63.5871293,26.41121131,0.510927575,5.96262105,6.087570326,4.324845624,12.05019138,0,0,0,0,0,0
0.49966667,-0.2,0.818181818,-0.2888,-0.25,0.6,12.09946538,63.73329071,36.26670929,36.26670929,0,0.487666833,7.711387445,4.388077935,0,12.09946538,0,0,0,0,0,0
-0.599,-0.6,-1,0.2,-0.416666667,0.2,13.24270067,80.12743451,11.29519937,17.88267116,6.58747179,0.647796815,10.61103631,1.495789443,0.872359171,12.10682575,0,0,0,0,0,0
-0.399,-0.6,-1,-0.2672,-0.416666667,0.2,16.89459657,38.68343512,33.22840747,61.31656488,28.08815741,0.505987064,6.535410303,5.613805389,4.745380878,12.14921569,0,0,0,0,0,0
-0.2,-0.2,-1,-0.04,0.583333333,0.6,13.07943147,50.94876138,42.31371974,48.58738497,6.273665233,0.840899499,6.66380833,5.534393975,0.820559745,12.1982023,0,0,0,0,0,0
-0.399,-0.6,-1,-0.44,-0.583333333,-0.2,20.24458629,31.52563301,28.7756989,68.13603463,39.36033573,0.507103368,6.382233978,5.825521194,7.968337131,12.20775517,0.028028838,0.02011913,0.015691114,0.010895248,0.007883381,0.006176075
0.4505,0.6,0.818181818,0.12,-0.083333333,-0.2,12.52512706,89.12575715,8.510960579,8.510960579,0,0.969867462,11.16311433,1.066008627,0,12.22912295,0,0,0,0,0,0
-0.2,-0.2,-1,0.2,0.583333333,0.6,14.82762503,57.02905071,25.48889901,42.44152302,16.95262401,1.021717703,8.456053797,3.779398369,2.513671521,12.23545217,0,0,0,0,0,0
-0.599,-0.6,-1,-0.2,-0.75,-0.6,17.99239264,44.20738682,23.89017154,54.87128306,30.98111152,0.417084048,7.953966613,4.298413466,5.574243229,12.25238008,0,0,0,0,0,0
0.4,-0.2,0.818181818,-0.12,-0.25,0.6,12.36166662,75.28511831,24.06118898,24.17866333,0.117474346,0.553534761,9.30649534,2.974363967,0.014521787,12.28085931,0,0,0,0,0,0
0.4505,0.6,0.818181818,0.28,0.25,0.2,12.52633959,92.78806099,5.306815268,5.306815268,0,1.060934712,11.62294762,0.664749702,0,12.28769732,0,0,0,0,0,0
-0.5,-0.6,-1,-0.2,-0.583333333,-0.2,13.84940453,61.14643772,27.9110268,37.87050952,9.959482718,0.617059516,8.468417516,3.86551101,1.379329051,12.33392853,0,0,0,0,0,0
-0.599,-0.6,-1,-0.44,-0.583333333,-0.2,15.74204415,56.93082617,21.45240243,42.30399849,20.85159606,0.523876347,8.962075791,3.377046662,3.282467458,12.33912245,0,0,0,0,0,0
-0.2,-0.2,-1,-0.36,-0.416666667,-0.6,15.46763275,49.93500797,29.8671021,50.06499203,20.19788993,0.646897323,7.723763646,4.619733666,3.124135438,12.34349731,0,0,0,0,0,0
0.4,-0.2,0.818181818,-0.76,-0.75,-0.6,12.61702208,67.17112804,31.01802603,31.01802603,0,0.400738438,8.474996056,3.913551193,0,12.38854725,0,0,0,0,0,0
-0.399,-0.6,-1,-0.1912,-0.25,0.6,17.1660992,36.96833362,35.20045084,63.03166638,27.83121554,0.538283516,6.346020822,6.04254431,4.777534068,12.38856513,0,0,0,0,0,0
-0.399,-0.6,-1,-0.6096,-0.75,-0.6,20.97955809,32.60920044,26.7933027,66.80122337,40.00792067,0.468484109,6.841266149,5.621116504,8.393484958,12.46238265,0.104958559,0.076345518,0.059991162,0.041997971,0.030545903,0.024001217
-0.2,-0.2,-1,0.04,0.583333333,0.6,13.26430343,53.64079281,40.56649806,45.90721665,5.340718592,0.907178117,7.115077521,5.380863393,0.708409119,12.49594091,0,0,0,0,0,0
0.701,0.6,0.818181818,0.04,0.583333333,0.6,12.61950485,81.61651166,17.59169534,17.59169534,0,0.900621018,10.29959965,2.219984847,0,12.51958449,0,0,0,0,0,0
-0.5,-0.6,-1,-0.04,-0.416666667,0.2,16.50160325,49.08989531,26.82740497,50.41393629,23.58653132,0.595933635,8.10061976,4.42695193,3.892155819,12.52757169,0,0,0,0,0,0
-0.2,-0.2,-1,-0.2,-0.083333333,-0.2,13.79062534,55.50036681,35.42807949,43.58187955,8.153800062,0.547952304,7.653847649,4.885753707,1.124460018,12.53960136,0,0,0,0,0,0
-0.1,-0.2,-1,-0.8344,-0.083333333,-0.2,19.56329967,31.29331639,33.26772189,68.46092017,35.19319828,0.35232338,6.122005262,6.508264127,6.884950843,12.63026939,0,0,0,0,0,0
-0.399,-0.6,-1,-0.36,-0.583333333,-0.2,20.65475201,33.1408496,28.08447793,66.4783129,38.39383497,0.537653756,6.845160299,5.80077927,7.9301514,12.64593957,0.081941667,0.057572392,0.04437528,0.030426271,0.021843401,0.017037372
-0.2,-0.2,-1,0.12,0.25,0.2,14.47246576,59.61885176,27.80016477,39.59567406,11.79550929,0.996622306,8.628317907,4.023369328,1.707101043,12.65168724,0,0,0,0,0,0
0.1495,-0.2,0.818181818,0.28,-0.25,0.6,13.51652848,89.00693361,4.686955892,9.362094978,4.675139086,0.789723914,12.03064753,0.633513728,0.631916506,12.66416126,0,0,0,0,0,0
0.4,-0.2,0.818181818,-0.28,-0.583333333,-0.2,12.87257637,78.51405699,20.05049902,20.05049902,0,0.597712515,10.10678195,2.581015799,0,12.68779775,0,0,0,0,0,0
0.701,0.6,0.818181818,0.12,0.583333333,0.6,12.81077588,81.76559828,17.39956155,17.39956155,0,0.939229946,10.47480754,2.229018834,0,12.70382638,0,0,0,0,0,0
-0.1,-0.2,-1,-0.768,-0.083333333,-0.2,19.75784718,31.16768305,33.2477181,68.49360698,35.24588888,0.390405536,6.158063187,6.569033333,6.963828862,12.72709652,0,0,0,0,0,0
-0.5,-0.6,-1,0.12,-0.25,0.6,16.12102245,52.24305576,26.83027876,47.30678702,20.47650826,0.69594969,8.422114748,4.325315262,3.301022494,12.74743001,0,0,0,0,0,0
-0.399,-0.6,-1,-0.1112,-0.25,0.6,17.41576589,38.9702429,34.27109564,61.0297571,26.75866146,0.558814328,6.78696627,5.968573785,4.660225835,12.75554005,0,0,0,0,0,0
-0.1,-0.2,-1,-0.6936,-0.083333333,-0.2,19.7837192,31.40714205,33.16133463,68.26803329,35.10669866,0.43202558,6.213500792,6.560545326,6.945410683,12.77404612,0,0,0,0,0,0
-0.399,-0.6,-1,-0.188,-0.416666667,0.2,17.99522365,39.45424875,31.55305826,60.54575124,28.99269298,0.514845227,7.099880302,5.678043402,5.217299944,12.7779237,0,0,0,0,0,0
0.701,0.6,0.818181818,-0.2,0.25,0.2,12.9230091,78.54669404,20.52501156,20.52501156,0,0.643532741,10.15059642,2.652449112,0,12.80304553,0,0,0,0,0,0
0.4505,0.6,0.818181818,-0.12,-0.416666667,-0.6,15.28791721,63.62393355,20.34433193,29.87506874,9.530736814,0.329307619,9.726774287,3.110224622,1.457051154,12.83699891,0,0,0,0,0,0
0.49966667,-0.2,0.818181818,-0.2088,-0.25,0.6,12.86735373,64.80420722,35.19579278,35.19579278,0,0.513964949,8.338586575,4.528767155,0,12.86735373,0,0,0,0,0,0
0.49966667,-0.2,0.818181818,-0.2936,-0.416666667,0.2,12.87365353,66.34001188,33.65998812,33.65998812,0,0.468421067,8.540383281,4.333270249,0,12.87365353,0,0,0,0,0,0
0.4,-0.2,0.818181818,-0.04,-0.25,0.6,12.9613499,76.34409411,23.07541652,23.07541652,0,0.572318394,9.895225166,2.990885476,0,12.88611064,0,0,0,0,0,0
-0.3505,-0.2,-1,0.28,-0.083333333,-0.2,13.26346905,88.14177715,9.34420485,9.34420485,0,1.002651049,11.69065733,1.239365718,0,12.93002305,0,0,0,0,0,0
0.4,-0.2,0.818181818,-0.12,-0.416666667,0.2,13.16986515,73.00426795,25.26741086,26.21173728,0.944326421,0.506948661,9.614563643,3.327683937,0.124366516,12.94224758,0,0,0,0,0,0
0.4,-0.2,0.818181818,-0.2,-0.416666667,0.2,13.16986515,73.00426795,25.26741086,26.21173728,0.944326421,0.506948661,9.614563643,3.327683937,0.124366516,12.94224758,0,0,0,0,0,0
0.701,0.6,0.818181818,-0.12,-0.083333333,-0.2,13.15561951,77.98856914,20.41674328,20.41674328,0,0.815875735,10.25987942,2.685949062,0,12.94582848,0,0,0,0,0,0
-0.1,-0.2,-1,-0.6,-0.083333333,-0.2,20.03717627,31.60553261,33.11066866,68.00127914,34.89061048,0.479730117,6.33285628,6.634443044,6.991093124,12.96729932,0.006603146,0.004202995,0.003082536,0.002010562,0.001401385,0.001075516
-0.399,-0.6,-1,0.048,-0.25,0.6,18.76968583,44.71086308,24.61269888,55.28913692,30.67643804,0.617771223,8.392088532,4.619726254,5.757871044,13.01181479,0,0,0,0,0,0
0.4,-0.2,0.818181818,-0.36,-0.75,-0.6,20.02594714,41.15372807,23.86305378,58.84627193,34.98321815,0.473180539,8.241423829,4.778802536,7.005720775,13.02022637,0.004614827,0.002946687,0.002164336,0.001413671,0.000986139,0.000757154
-0.3505,-0.2,-1,-0.52,-0.416666667,-0.6,17.07930061,55.43533944,20.86280537,42.82653031,21.96372494,0.688352385,9.467968267,3.563221245,3.751250608,13.03118951,0,0,0,0,0,0
0.701,0.6,0.818181818,-0.12,0.25,0.2,13.17818867,78.76755371,20.23252353,20.23252353,0,0.683383466,10.38013684,2.666280123,0,13.04641696,0,0,0,0,0,0
-0.2,-0.2,-1,0.12,0.583333333,0.6,13.7536193,56.12099852,38.81318168,43.32143358,4.508251899,0.971579684,7.718668484,5.338217247,0.620047803,13.05688573,0,0,0,0,0,0
-0.399,-0.6,-1,-0.5192,-0.75,-0.6,22.53412748,32.54546655,25.43936518,66.84034577,41.40098059,0.502022854,7.333836921,5.73253898,9.329349744,13.0663759,0.239665187,0.178922677,0.142744467,0.101640855,0.074739193,0.059097609
0.1495,-0.2,0.818181818,-0.36,-0.75,-0.6,14.08310532,69.83330783,23.19591987,27.78631786,4.59039799,0.617307109,9.83469829,3.266705825,0.646470584,13.10140412,0,0,0,0,0,0
-0.399,-0.6,-1,-0.2792,-0.583333333,-0.2,22.07691194,33.3305076,26.19133084,66.26111733,40.06978649,0.570650702,7.358346812,5.782237045,8.846171478,13.14058386,0.222667489,0.162164164,0.127515567,0.089338694,0.065009653,0.051095216
-0.1,-0.2,-1,-0.5224,-0.083333333,-0.2,20.29236889,32.13103922,32.75003565,67.5006961,34.75066045,0.527599492,6.520149007,6.645758046,7.05173221,13.16590705,0.05275922,0.033419883,0.024455509,0.015916691,0.0110806,0.008498451
-0.2,-0.2,-1,-0.12,-0.083333333,-0.2,14.85041408,55.92756919,32.77750516,43.05493696,10.2774318,0.557014541,8.30547561,4.867595241,1.526241179,13.17307085,0,0,0,0,0,0
0.701,0.6,0.818181818,-0.2,-0.416666667,-0.6,16.52775521,64.17294321,15.57887497,34.03603807,18.4571631,0.575317407,10.60634696,2.57483832,3.050554736,13.18118528,0,0,0,0,0,0
-0.3505,-0.2,-1,0.36,0.25,0.2,14.01037776,80.59089458,13.53570374,17.63118298,4.095479239,1.027579215,11.29108877,1.896403227,0.573792112,13.187492,0,0,0,0,0,0
-0.1,-0.2,-1,-0.3552,0.25,0.2,16.82784503,39.3956272,39.1434816,60.60437281,21.46089121,0.594642274,6.629435094,6.587004423,3.611405515,13.21643952,0,0,0,0,0,0
0.49966667,-0.2,0.818181818,-0.1288,-0.25,0.6,13.25634504,66.35212052,33.64787948,33.64787948,0,0.539321734,8.795866037,4.460479003,0,13.25634504,0,0,0,0,0,0
-0.1,-0.2,-1,-0.4416,-0.083333333,-0.2,20.61765699,32.52095277,31.83007524,67.07340535,35.24333011,0.579519661,6.705058492,6.562615733,7.266348914,13.26767422,0.105612044,0.068023637,0.050168246,0.032897726,0.023000336,0.01768096
0.4,-0.2,0.818181818,-0.68,-0.75,-0.6,13.62116873,65.99725007,31.93797313,32.14097349,0.203000361,0.428034758,8.989596789,4.350325209,0.027651022,13.339922,0,0,0,0,0,0
-0.2,-0.2,-1,-0.28,-0.416666667,-0.6,17.10297775,49.57101186,28.62708635,50.42898814,21.80190179,0.68056634,8.478119129,4.896084209,3.728774412,13.37420334,0,0,0,0,0,0
0.49966667,-0.2,0.818181818,-0.7576,-0.583333333,-0.2,15.20427155,56.10347022,32.10332828,43.31798999,11.21466171,0.34156634,8.530123961,4.881077208,1.70510762,13.41120117,0,0,0,0,0,0
-0.5,-0.6,-1,0.04,-0.416666667,0.2,18.05109553,49.99766637,24.30947977,49.35462666,25.04514689,0.630327743,9.025126519,4.388127416,4.520923391,13.41325394,0,0,0,0,0,0
-0.1,-0.2,-1,-0.2752,0.25,0.2,17.22204698,39.97240176,37.91217869,60.02759823,22.11541954,0.63856295,6.88406581,6.529253225,3.808727943,13.41331904,0,0,0,0,0,0
-0.5,-0.6,-1,-0.12,-0.583333333,-0.2,15.04522934,63.19675091,26.01732179,35.72530167,9.707979885,0.648506292,9.50809611,3.914365731,1.460587838,13.42246184,0,0,0,0,0,0
-0.399,-0.6,-1,-0.108,-0.416666667,0.2,18.81458854,41.25340406,30.22438384,58.74659594,28.5222121,0.519194825,7.761658233,5.686593458,5.366336849,13.44825169,0,0,0,0,0,0
0.1495,-0.2,0.818181818,-0.04,-0.583333333,-0.2,13.84547227,85.08451965,12.07132711,12.71917543,0.647848319,0.668108489,11.78035357,1.671332248,0.089697659,13.45168582,0,0,0,0,0,0
-0.3505,-0.2,-1,0.52,0.583333333,0.6,13.86261667,83.35734788,13.71249602,15.32473136,1.612235339,1.200039499,11.5555096,1.900910759,0.223498005,13.45642036,0,0,0,0,0,0
0.4505,0.6,0.818181818,0.52,0.583333333,0.6,13.73206238,94.58082041,3.78045145,3.78045145,0,1.233302362,12.98789726,0.519133951,0,13.50703121,0,0,0,0,0,0
-0.599,-0.6,-1,-0.12,-0.75,-0.6,18.92308046,46.22840776,25.22476776,52.75847957,27.53371181,0.423204538,8.747838796,4.773303099,5.210226439,13.52114189,0,0,0,0,0,0
0.49966667,-0.2,0.818181818,-0.6784,-0.583333333,-0.2,15.51301954,55.11111176,32.10109052,44.26543109,12.16434057,0.378125737,8.549397536,4.979848445,1.88705653,13.52924598,0,0,0,0,0,0
-0.1,-0.2,-1,-0.3616,-0.083333333,-0.2,21.1561383,33.1289959,30.93966329,66.42460523,35.48494194,0.636198152,7.00881619,6.545637955,7.507243393,13.55445415,0.192489269,0.124953443,0.092499521,0.060876727,0.042650555,0.032823401
-0.1,-0.2,-1,-0.744,-0.416666667,-0.6,23.18813108,26.92978656,31.57934812,72.64259023,41.06324211,0.389463487,6.244514207,7.322660636,9.521798406,13.56717484,0.312672785,0.232027527,0.184453,0.130810626,0.095935746,0.075742382
-0.599,-0.6,-1,0.36,-0.25,0.6,14.73826968,82.0387817,10.03980364,16.39630501,6.356501371,0.759374183,12.09109689,1.479693336,0.936838314,13.57079022,0,0,0,0,0,0
-0.2,-0.2,-1,0.2,0.25,0.2,15.69551507,61.34794142,25.49682115,37.83953252,12.34271137,1.057644348,9.628875391,4.001857406,1.937252123,13.6307328,0,0,0,0,0,0
0.49966667,-0.2,0.818181818,-0.632,-0.583333333,-0.2,15.68888348,55.10511719,31.78880107,44.19716178,12.40836071,0.407868224,8.645377627,4.98730796,1.946733254,13.63268559,0,0,0,0,0,0
-0.599,-0.6,-1,-0.36,-0.583333333,-0.2,17.76933052,57.14884112,19.7349324,42.02513957,22.29020717,0.528200055,10.15496647,3.506765366,3.960820586,13.66173183,0,0,0,0,0,0
-0.5,-0.6,-1,0.2,-0.25,0.6,17.35294903,54.69711652,24.26633141,44.84849611,20.5821647,0.718624586,9.491562751,4.210924121,3.57161255,13.70248687,0,0,0,0,0,0
0.1495,-0.2,0.818181818,0.2,-0.416666667,0.2,14.29870114,88.63499204,7.204584358,9.356683481,2.152099123,0.714574066,12.67365262,1.030161986,0.307722222,13.7038146,0,0,0,0,0,0
0.49966667,-0.2,0.818181818,-0.2128,-0.416666667,0.2,13.70666316,67.33147951,32.66852049,32.66852049,0,0.492417253,9.228899097,4.477764063,0,13.70666316,0,0,0,0,0,0
-0.1,-0.2,-1,-0.196,0.25,0.2,17.58549146,41.19156925,36.82931425,58.80843075,21.9791165,0.680217649,7.243739893,6.476615912,3.865135655,13.7203558,0,0,0,0,0,0
-0.1,-0.2,-1,-0.6728,-0.416666667,-0.6,23.58467112,27.19007598,31.02747578,72.36407448,41.3365987,0.426055272,6.412689997,7.31772812,9.749100856,13.73041812,0.342991057,0.25577107,0.203916638,0.14508731,0.106633141,0.084292202
0.4505,0.6,0.818181818,0.36,0.25,0.2,14.08121786,92.26672103,5.432947851,5.776379273,0.343431422,1.160839738,12.992278,0.765025223,0.048359327,13.75730322,0,0,0,0,0,0
-0.399,-0.6,-1,-0.44,-0.75,-0.6,23.93418532,33.11161804,24.40302638,66.23016615,41.82713977,0.528726438,7.924996024,5.840665557,10.01098515,13.76566158,0.357872216,0.269138493,0.215664819,0.154336319,0.113862529,0.090206425
-0.1,-0.2,-1,-0.12,0.583333333,0.6,20.58340976,32.19144207,34.79316187,67.66556215,32.87240028,0.704507057,6.626096429,7.161619076,6.766260848,13.78771551,0.131314317,0.077228797,0.054699329,0.034544458,0.023651141,0.017980982
0.4,-0.2,0.818181818,0.04,-0.25,0.6,13.95126485,77.00074854,21.85942633,22.37441936,0.514993027,0.594481233,10.74257837,3.049666462,0.071848041,13.79224483,0,0,0,0,0,0
0.701,0.6,0.818181818,0.2,0.583333333,0.6,13.91832874,82.17034434,16.97200592,16.97200592,0,0.995363965,11.43673865,2.362219578,0,13.79895823,0,0,0,0,0,0
-0.1,-0.2,-1,-0.2816,-0.083333333,-0.2,21.59013499,34.09568287,30.09437921,65.35892754,35.26454833,0.677265751,7.361303957,6.497417096,7.613663588,13.85872105,0.270179947,0.174141248,0.128473724,0.084273341,0.058930233,0.045305678
-0.399,-0.6,-1,0.1296,-0.25,0.6,19.89292179,46.09235898,23.79589868,53.90764103,30.11174235,0.60244213,9.169116923,4.733699514,5.990105355,13.90281644,0,0,0,0,0,0
-0.1,-0.2,-1,-0.5944,-0.416666667,-0.6,24.34860116,27.21806172,29.90889958,72.30550335,42.39660377,0.454711345,6.627217292,7.28239867,10.32297996,13.90961596,0.378987407,0.287710477,0.231866716,0.167027586,0.123765431,0.098303613
0.4,-0.2,0.818181818,-0.04,-0.416666667,0.2,15.75006431,72.12553604,16.26206414,27.01277756,10.75071342,0.566941562,11.35981831,2.56128556,1.693244277,13.92110387,0,0,0,0,0,0
-0.2,-0.2,-1,-0.04,-0.083333333,-0.2,16.41560858,55.27058949,29.5463803,43.68837992,14.14199962,0.559001722,9.073003631,4.85021814,2.321495303,13.92322177,0,0,0,0,0,0
0.49966667,-0.2,0.818181818,-0.5288,-0.583333333,-0.2,16.79011342,53.00339635,29.95592702,46.3398929,16.38396588,0.442703899,8.899330364,5.029634123,2.750886454,13.92896449,0,0,0,0,0,0
0.49966667,-0.2,0.818181818,-0.752,-0.75,-0.6,19.39267254,44.81019467,27.06085952,54.30015369,27.23929417,0.377136581,8.689894317,5.247823873,5.282427121,13.93771819,0,0,0,0,0,0
-0.399,-0.6,-1,-0.2,-0.583333333,-0.2,22.46051612,36.30029729,25.81948667,63.23169948,37.41221281,0.603171605,8.153234124,5.799189966,8.402976089,13.95242409,0.337221775,0.231320079,0.176037093,0.119106685,0.084818713,0.065859372
0.49966667,-0.2,0.818181818,-0.0504,-0.25,0.6,13.9584928,67.92893997,32.07106003,32.07106003,0,0.557972845,9.481856195,4.476636605,0,13.9584928,0,0,0,0,0,0
0.701,0.6,0.818181818,-0.04,0.25,0.2,14.11668959,78.79884178,20.15829003,20.15829003,0,0.721102705,11.12378789,2.84568323,0,13.96947112,0,0,0,0,0,0
-0.1,-0.2,-1,-0.056,0.583333333,0.6,21.4213288,32.19917947,33.52591755,67.55143796,34.02552041,0.737452617,6.897492105,7.181697032,7.288718603,14.07918914,0.278829602,0.172005019,0.124360354,0.080026402,0.055357848,0.042314258
-0.1,-0.2,-1,-0.1152,0.25,0.2,18.08940258,42.30662673,35.62430564,57.69337327,22.06906763,0.728834171,7.653016027,6.444224064,3.992162489,14.09724009,0,0,0,0,0,0
0.4,-0.2,0.818181818,-0.28,-0.75,-0.6,22.08063936,40.56231153,23.46543485,59.43768847,35.97225362,0.490423563,8.956417725,5.181318043,7.942903591,14.13773577,0.333734106,0.219938883,0.164014069,0.108723088,0.076490733,0.058999557
0.49966667,-0.2,0.818181818,-0.448,-0.583333333,-0.2,17.08548191,53.52386194,29.38217411,45.76667952,16.38450541,0.473819586,9.144809749,5.020086042,2.799371708,14.16489579,0,0,0,0,0,0
-0.599,-0.6,-1,0.28,-0.416666667,0.2,15.63315075,80.1227175,10.54240796,18.03799248,7.495584524,0.674596369,12.52570521,1.648110528,1.171796028,14.17381574,0,0,0,0,0,0
-0.1,-0.2,-1,-0.5144,-0.416666667,-0.6,25.42940004,27.22903684,28.55398688,72.27096634,43.71697946,0.487709202,6.924180705,7.261107551,11.11696559,14.18528826,0.422111739,0.326980323,0.266842067,0.195082777,0.146003588,0.116655292
-0.399,-0.6,-1,-0.0288,-0.416666667,0.2,20.10282688,42.43259345,28.22750106,57.56740654,29.33990548,0.517404195,8.530150802,5.674525671,5.898150405,14.20467647,0.034841255,0.017614414,0.011786647,0.007093108,0.00473581,0.003554515
0.4,-0.2,0.818181818,-0.6,-0.75,-0.6,15.07375455,62.0388604,32.20261657,36.22274182,4.020125252,0.444717529,9.351585542,4.85414338,0.605983813,14.20572892,0,0,0,0,0,0
-0.1,-0.2,-1,-0.3544,-0.416666667,-0.6,26.80984175,29.51593973,23.58015206,69.88217873,46.30202667,0.575561155,7.913176733,6.321801452,12.41350008,14.23497818,0.42334735,0.339281034,0.283070277,0.212618628,0.162167514,0.131067275
0.4505,0.6,0.818181818,0.2,-0.083333333,-0.2,14.81956234,86.67141368,9.565671543,10.87980586,1.314134317,1.023894819,12.84432418,1.417590658,0.194748954,14.26191484,0,0,0,0,0,0
0.4,-0.2,0.818181818,-0.2,-0.583333333,-0.2,14.50670525,77.98034936,20.53902493,20.53902493,0,0.630636139,11.31237943,2.979535808,0,14.29191524,0,0,0,0,0,0
0.701,0.6,0.818181818,-0.04,-0.083333333,-0.2,14.55258226,77.74993619,20.57885705,20.57885705,0,0.860946466,11.31462342,2.9947551,0,14.30937852,0,0,0,0,0,0
0.49966667,-0.2,0.818181818,-0.644,-0.75,-0.6,20.50224988,42.91468474,26.94115438,56.22524625,29.28409187,0.402406191,8.798475901,5.523542792,6.00389769,14.32201869,0.166813253,0.084413836,0.056503333,0.034011969,0.022711481,0.017047458
-0.1,-0.2,-1,-0.4344,-0.416666667,-0.6,26.43853235,27.54952492,27.09569521,71.93403105,44.83833584,0.522842538,7.283690058,7.163704144,11.85459793,14.4473942,0.454753333,0.357790433,0.294909561,0.218209791,0.164674369,0.132232539
-0.1,-0.2,-1,0.012,0.583333333,0.6,21.9974213,32.89216944,32.82080973,66.81852344,33.99771371,0.786771752,7.235429086,7.21973179,7.478620317,14.45516088,0.392636798,0.241952598,0.174849663,0.112466776,0.077779189,0.059444888
-0.399,-0.6,-1,-0.3592,-0.75,-0.6,25.86117002,32.99402283,22.98094973,66.33160575,43.35065602,0.554084504,8.532640341,5.943142482,11.21098686,14.47578282,0.46703174,0.359833688,0.292659413,0.213096926,0.159048277,0.126869775
0.49966667,-0.2,0.818181818,-0.3696,-0.583333333,-0.2,17.81006515,53.22963508,28.06801194,46.02238669,17.95437475,0.50681189,9.480232687,4.998931213,3.19768584,14.4791639,0,0,0,0,0,0
-0.1,-0.2,-1,-0.0352,0.25,0.2,18.66328035,43.54517652,34.04053287,56.45482348,22.41429061,0.783110181,8.126958373,6.353080082,4.183241895,14.48003845,0,0,0,0,0,0
-0.2,-0.2,-1,0.28,0.583333333,0.6,15.9038363,58.7303231,32.67818412,40.62864888,7.95046476,1.069796172,9.340374444,5.197084908,1.264428901,14.53745935,0,0,0,0,0,0
-0.2,-0.2,-1,0.28,0.25,0.2,17.01983032,62.65872015,23.11959718,36.31977594,13.20017876,1.110498307,10.66440785,3.934916211,2.246648027,14.59932406,0,0,0,0,0,0
-0.2,-0.2,-1,-0.2,-0.416666667,-0.6,18.89207191,49.44194365,27.9054425,49.57798526,21.67254276,0.713245182,9.340607548,5.271916264,4.094392363,14.61252381,0,0,0,0,0,0
0.49966667,-0.2,0.818181818,-0.588,-0.75,-0.6,21.48572154,41.55345868,26.51042813,57.59195781,31.08152968,0.423172376,8.928060422,5.695956767,6.678090917,14.62401719,0.413737669,0.22191972,0.151623641,0.092819789,0.062513974,0.047126947
0.1495,-0.2,0.818181818,0.36,-0.25,0.6,14.97705615,92.47476874,5.386867193,5.673892046,0.287024853,0.825531746,13.84999804,0.806794124,0.042987873,14.65679216,0,0,0,0,0,0
-0.3505,-0.2,-1,-0.44,-0.416666667,-0.6,19.81683968,53.349898,20.7419376,44.93344625,24.19150865,0.699526532,10.57226376,4.110396521,4.793992485,14.68266028,0,0,0,0,0,0
0.49966667,-0.2,0.818181818,-0.1328,-0.416666667,0.2,14.68395768,68.63987715,31.36012285,31.36012285,0,0.50682506,10.07905051,4.604907168,0,14.68395768,0,0,0,0,0,0
0.49966667,-0.2,0.818181818,0.0304,-0.25,0.6,14.69307295,69.42697939,30.57302061,30.57302061,0,0.573896316,10.20095673,4.492116221,0,14.69307295,0,0,0,0,0,0
-0.599,-0.6,-1,-0.04,-0.75,-0.6,22.68122683,41.77882924,23.09250685,57.27867045,34.1861636,0.422590049,9.475951027,5.237663859,7.753841311,14.71361489,0.506526478,0.314373711,0.227913752,0.147036793,0.101856211,0.077914968
-0.399,-0.6,-1,-0.12,-0.583333333,-0.2,23.68061608,37.74906308,24.45277128,61.74832835,37.29555707,0.633600726,8.939210702,5.790566888,8.831817685,14.72977759,0.509643006,0.348541157,0.264827321,0.178893017,0.127270301,0.098768824
-0.1,-0.2,-1,-0.1216,-0.083333333,-0.2,22.95100455,36.47966965,27.74883896,62.98981107,35.24097211,0.775609239,8.372450641,6.368637292,8.088157112,14.74108793,0.502878255,0.323873666,0.238851916,0.156621092,0.109498885,0.084173737
0.701,0.6,0.818181818,-0.2,-0.416666667,-0.6,18.47612978,57.8425029,21.9435001,40.46762911,18.52412901,0.599920908,10.6870559,4.054309557,3.422542117,14.74136546,0,0,0,0,0,0
-0.1,-0.2,-1,-0.2736,-0.416666667,-0.6,28.45954341,29.51278709,22.30284552,69.86644856,47.56360304,0.605361459,8.399204453,6.347288002,13.53638425,14.74649246,0.472018199,0.383782352,0.323339485,0.245888321,0.189229446,0.153791909
-0.5,-0.6,-1,-0.04,-0.583333333,-0.2,16.91030152,63.34627166,23.90603245,35.5260915,11.62005905,0.674288183,10.71204554,4.042582169,1.964987022,14.75462771,0,0,0,0,0,0
0.4,-0.2,0.818181818,0.12,-0.25,0.6,15.62768126,74.77962547,19.75108638,24.51131131,4.760224927,0.607622523,11.68632152,3.086636825,0.743912779,14.77295834,0,0,0,0,0,0
-0.1,-0.2,-1,0.0768,0.583333333,0.6,22.15791577,34.21062207,32.54733595,65.50008811,32.95275216,0.816565239,7.580360823,7.211811285,7.301643068,14.79217211,0.479114131,0.282787962,0.200591686,0.126850147,0.08691193,0.066100481
-0.5,-0.6,-1,0.12,-0.416666667,0.2,18.79131735,55.31932596,23.50765087,44.03603221,20.52838134,0.638859013,10.3952301,4.417397277,3.857553284,14.81262737,0,0,0,0,0,0
-0.5,-0.6,-1,0.28,-0.25,0.6,19.20381473,55.64819506,21.73482572,43.81276133,22.07793561,0.743476544,10.68657628,4.173915663,4.239805851,14.86049194,0,0,0,0,0,0
0.85033333,0.6,0.818181818,-0.2848,0.25,0.2,14.91017866,70.04218177,29.95781823,29.95781823,0,0.612110411,10.44341444,4.466764221,0,14.91017866,0,0,0,0,0,0
0.49966667,-0.2,0.818181818,-0.2888,-0.583333333,-0.2,18.82193653,52.64446524,26.61045043,46.59390857,19.98345814,0.536492839,9.908707834,5.00860209,3.761273808,14.91730992,0,0,0,0,0,0
-0.399,-0.6,-1,0.2096,-0.25,0.6,21.45261373,47.68664279,22.23900113,52.31335721,30.07435608,0.58238592,10.23003128,4.77084701,6.451735442,15.00087829,0.478727818,0.240629827,0.160703187,0.09655833,0.06441779,0.048330449
0.49966667,-0.2,0.818181818,-0.508,-0.75,-0.6,23.1286513,39.32224836,25.67319458,59.88001443,34.20681985,0.444819391,9.094705707,5.937863652,7.911576084,15.03256936,0.592133298,0.367789445,0.266731748,0.172135968,0.119264763,0.091240448
0.701,0.6,0.818181818,0.28,0.583333333,0.6,15.19187753,82.51596505,16.49244184,16.49244184,0,1.016883458,12.53572435,2.505511566,0,15.04123592,0,0,0,0,0,0
-0.1,-0.2,-1,0.0448,0.25,0.2,19.73698846,44.65050386,31.59519666,55.34949613,23.75429947,0.817900081,8.812664794,6.235940319,4.688383345,15.04860511,0,0,0,0,0,0
0.701,0.6,0.818181818,0.04,0.25,0.2,15.30581762,78.62144458,19.71054501,20.26776132,0.557216313,0.754920803,12.03365492,3.016860071,0.085286513,15.05051499,0,0,0,0,0,0
0.4505,0.6,0.818181818,-0.04,-0.416666667,-0.6,18.61404159,58.24643873,22.67962038,36.13749428,13.4578739,0.358829603,10.84201633,4.22159397,2.505054245,15.0636103,0,0,0,0,0,0
0.4,-0.2,0.818181818,-0.2,-0.75,-0.6,25.51574409,37.27802715,21.92825107,62.72197286,40.79372179,0.504478846,9.511766009,5.595156426,10.40882166,15.10692244,0.562221744,0.415161483,0.329083229,0.232621312,0.170243442,0.134245297
0.4,-0.2,0.818181818,-0.52,-0.75,-0.6,17.00544345,57.34591551,31.72694676,41.0271656,9.30021884,0.466501928,9.751927233,5.39530799,1.581543456,15.14723522,0,0,0,0,0,0
-0.399,-0.6,-1,0.052,-0.416666667,0.2,21.6585592,43.77618089,26.24000817,56.22381911,29.98381094,0.500202923,9.481290054,5.683207704,6.494061443,15.16449776,0.553076821,0.276613046,0.184425289,0.110663138,0.073778081,0.055334557
-0.3505,-0.2,-1,0.44,0.25,0.2,16.21915776,81.12908963,12.37340005,17.09988269,4.726482644,1.071430213,13.15845504,2.006861274,0.766595677,15.16531631,0,0,0,0,0,0
-0.599,-0.6,-1,-0.28,-0.583333333,-0.2,19.80798581,57.74328592,19.05239313,41.34478015,22.29238702,0.527105328,11.43778188,3.773895328,4.415672858,15.21167721,0,0,0,0,0,0
-0.1,-0.2,-1,0.1408,0.583333333,0.6,22.86819094,35.39225229,31.17809455,64.25506993,33.07697538,0.855576202,8.093567832,7.129866193,7.564105887,15.22343402,0.626313066,0.37169131,0.264259192,0.167457022,0.114862272,0.087408948
0.4,-0.2,0.818181818,0.04,-0.416666667,0.2,15.38427098,80.76857355,18.25551908,18.25551908,0,0.587186646,12.42565622,2.808478524,0,15.23413475,0,0,0,0,0,0
-0.399,-0.6,-1,-0.2792,-0.75,-0.6,28.40135032,32.14247048,21.50225653,67.18063305,45.67837652,0.577512396,9.128895643,6.106931204,12.97327574,15.23582685,0.548909659,0.436571192,0.362402757,0.270494824,0.205385715,0.165539696
0.1495,-0.2,0.818181818,-0.28,-0.75,-0.6,17.70374647,61.07229065,25.05917889,36.84925337,11.79007448,0.638241607,10.8120835,4.436413498,2.087284895,15.248497,0,0,0,0,0,0
-0.3505,-0.2,-1,0.6,0.583333333,0.6,15.63543771,85.36217098,12.31812897,13.21840681,0.900277837,1.225076183,13.34674907,1.925993383,0.14076238,15.27274245,0,0,0,0,0,0
-0.1,-0.2,-1,-0.2016,-0.083333333,-0.2,23.94429416,37.5940371,26.22338408,61.83108004,35.60769596,0.824922647,9.00162683,6.279004223,8.526011464,15.28063105,0.645877746,0.420900988,0.312165328,0.205821419,0.144351835,0.111154881
